Country Name,Capital City,Region,Population Size,Number of Currencies,Number of Languages
"{'common': 'French Polynesia', 'official': 'French Polynesia', 'nativeName': {'fra': {'official': 'Polynésie française', 'common': 'Polynésie française'}}}",['Papeetē'],Oceania,280904,1,1
"{'common': 'Saint Martin', 'official': 'Saint Martin', 'nativeName': {'fra': {'official': 'Saint-Martin', 'common': 'Saint-Martin'}}}",['Marigot'],Americas,38659,1,1
"{'common': 'Venezuela', 'official': 'Bolivarian Republic of Venezuela', 'nativeName': {'spa': {'official': 'República Bolivariana de Venezuela', 'common': 'Venezuela'}}}",['Caracas'],Americas,28435943,1,1
"{'common': 'Réunion', 'official': 'Réunion Island', 'nativeName': {'fra': {'official': 'Ile de la Réunion', 'common': 'La Réunion'}}}",['Saint-Denis'],Africa,840974,1,1
"{'common': 'El Salvador', 'official': 'Republic of El Salvador', 'nativeName': {'spa': {'official': 'República de El Salvador', 'common': 'El Salvador'}}}",['San Salvador'],Americas,6486201,1,1
"{'common': 'Dominica', 'official': 'Commonwealth of Dominica', 'nativeName': {'eng': {'official': 'Commonwealth of Dominica', 'common': 'Dominica'}}}",['Roseau'],Americas,71991,1,1
"{'common': 'Gibraltar', 'official': 'Gibraltar', 'nativeName': {'eng': {'official': 'Gibraltar', 'common': 'Gibraltar'}}}",['Gibraltar'],Europe,33691,1,1
"{'common': 'Kenya', 'official': 'Republic of Kenya', 'nativeName': {'eng': {'official': 'Republic of Kenya', 'common': 'Kenya'}, 'swa': {'official': 'Republic of Kenya', 'common': 'Kenya'}}}",['Nairobi'],Africa,53771300,1,2
"{'common': 'Brazil', 'official': 'Federative Republic of Brazil', 'nativeName': {'por': {'official': 'República Federativa do Brasil', 'common': 'Brasil'}}}",['Brasília'],Americas,212559409,1,1
"{'common': 'Maldives', 'official': 'Republic of the Maldives', 'nativeName': {'div': {'official': 'ދިވެހިރާއްޖޭގެ ޖުމްހޫރިއްޔާ', 'common': 'ދިވެހިރާއްޖޭގެ'}}}",['Malé'],Asia,540542,1,1
"{'common': 'United States', 'official': 'United States of America', 'nativeName': {'eng': {'official': 'United States of America', 'common': 'United States'}}}","['Washington, D.C.']",Americas,329484123,1,1
"{'common': 'Cook Islands', 'official': 'Cook Islands', 'nativeName': {'eng': {'official': 'Cook Islands', 'common': 'Cook Islands'}, 'rar': {'official': ""Kūki 'Āirani"", 'common': ""Kūki 'Āirani""}}}",['Avarua'],Oceania,18100,2,2
"{'common': 'Niue', 'official': 'Niue', 'nativeName': {'eng': {'official': 'Niue', 'common': 'Niue'}, 'niu': {'official': 'Niuē', 'common': 'Niuē'}}}",['Alofi'],Oceania,1470,1,2
"{'common': 'Seychelles', 'official': 'Republic of Seychelles', 'nativeName': {'crs': {'official': 'Repiblik Sesel', 'common': 'Sesel'}, 'eng': {'official': 'Republic of Seychelles', 'common': 'Seychelles'}, 'fra': {'official': 'République des Seychelles', 'common': 'Seychelles'}}}",['Victoria'],Africa,98462,1,3
"{'common': 'Central African Republic', 'official': 'Central African Republic', 'nativeName': {'fra': {'official': 'République centrafricaine', 'common': 'République centrafricaine'}, 'sag': {'official': 'Ködörösêse tî Bêafrîka', 'common': 'Bêafrîka'}}}",['Bangui'],Africa,4829764,1,2
"{'common': 'Tokelau', 'official': 'Tokelau', 'nativeName': {'eng': {'official': 'Tokelau', 'common': 'Tokelau'}, 'smo': {'official': 'Tokelau', 'common': 'Tokelau'}, 'tkl': {'official': 'Tokelau', 'common': 'Tokelau'}}}",['Fakaofo'],Oceania,1411,1,3
"{'common': 'Vanuatu', 'official': 'Republic of Vanuatu', 'nativeName': {'bis': {'official': 'Ripablik blong Vanuatu', 'common': 'Vanuatu'}, 'eng': {'official': 'Republic of Vanuatu', 'common': 'Vanuatu'}, 'fra': {'official': 'République de Vanuatu', 'common': 'Vanuatu'}}}",['Port Vila'],Oceania,307150,1,3
"{'common': 'Gambia', 'official': 'Republic of the Gambia', 'nativeName': {'eng': {'official': 'Republic of the Gambia', 'common': 'Gambia'}}}",['Banjul'],Africa,2416664,1,1
"{'common': 'Guyana', 'official': 'Co-operative Republic of Guyana', 'nativeName': {'eng': {'official': 'Co-operative Republic of Guyana', 'common': 'Guyana'}}}",['Georgetown'],Americas,786559,1,1
"{'common': 'Falkland Islands', 'official': 'Falkland Islands', 'nativeName': {'eng': {'official': 'Falkland Islands', 'common': 'Falkland Islands'}}}",['Stanley'],Americas,2563,1,1
"{'common': 'Belgium', 'official': 'Kingdom of Belgium', 'nativeName': {'deu': {'official': 'Königreich Belgien', 'common': 'Belgien'}, 'fra': {'official': 'Royaume de Belgique', 'common': 'Belgique'}, 'nld': {'official': 'Koninkrijk België', 'common': 'België'}}}",['Brussels'],Europe,11555997,1,3
"{'common': 'Western Sahara', 'official': 'Sahrawi Arab Democratic Republic', 'nativeName': {'ber': {'official': 'Sahrawi Arab Democratic Republic', 'common': 'Western Sahara'}, 'mey': {'official': 'الجمهورية العربية الصحراوية الديمقراطية', 'common': 'الصحراء الغربية'}, 'spa': {'official': 'República Árabe Saharaui Democrática', 'common': 'Sahara Occidental'}}}",['El Aaiún'],Africa,510713,3,3
"{'common': 'Turkey', 'official': 'Republic of Turkey', 'nativeName': {'tur': {'official': 'Türkiye Cumhuriyeti', 'common': 'Türkiye'}}}",['Ankara'],Asia,84339067,1,1
"{'common': 'Saint Vincent and the Grenadines', 'official': 'Saint Vincent and the Grenadines', 'nativeName': {'eng': {'official': 'Saint Vincent and the Grenadines', 'common': 'Saint Vincent and the Grenadines'}}}",['Kingstown'],Americas,110947,1,1
"{'common': 'Pakistan', 'official': 'Islamic Republic of Pakistan', 'nativeName': {'eng': {'official': 'Islamic Republic of Pakistan', 'common': 'Pakistan'}, 'urd': {'official': 'اسلامی جمہوریۂ پاكستان', 'common': 'پاكستان'}}}",['Islamabad'],Asia,220892331,1,2
"{'common': 'Åland Islands', 'official': 'Åland Islands', 'nativeName': {'swe': {'official': 'Landskapet Åland', 'common': 'Åland'}}}",['Mariehamn'],Europe,29458,1,1
"{'common': 'Iran', 'official': 'Islamic Republic of Iran', 'nativeName': {'fas': {'official': 'جمهوری اسلامی ایران', 'common': 'ایران'}}}",['Tehran'],Asia,83992953,1,1
"{'common': 'Indonesia', 'official': 'Republic of Indonesia', 'nativeName': {'ind': {'official': 'Republik Indonesia', 'common': 'Indonesia'}}}",['Jakarta'],Asia,273523621,1,1
"{'common': 'New Zealand', 'official': 'New Zealand', 'nativeName': {'eng': {'official': 'New Zealand', 'common': 'New Zealand'}, 'mri': {'official': 'Aotearoa', 'common': 'Aotearoa'}, 'nzs': {'official': 'New Zealand', 'common': 'New Zealand'}}}",['Wellington'],Oceania,5084300,1,3
"{'common': 'Afghanistan', 'official': 'Islamic Republic of Afghanistan', 'nativeName': {'prs': {'official': 'جمهوری اسلامی افغانستان', 'common': 'افغانستان'}, 'pus': {'official': 'د افغانستان اسلامي جمهوریت', 'common': 'افغانستان'}, 'tuk': {'official': 'Owganystan Yslam Respublikasy', 'common': 'Owganystan'}}}",['Kabul'],Asia,40218234,1,3
"{'common': 'Guam', 'official': 'Guam', 'nativeName': {'cha': {'official': 'Guåhån', 'common': 'Guåhån'}, 'eng': {'official': 'Guam', 'common': 'Guam'}, 'spa': {'official': 'Guam', 'common': 'Guam'}}}",['Hagåtña'],Oceania,168783,1,3
"{'common': 'Albania', 'official': 'Republic of Albania', 'nativeName': {'sqi': {'official': 'Republika e Shqipërisë', 'common': 'Shqipëria'}}}",['Tirana'],Europe,2837743,1,1
"{'common': 'DR Congo', 'official': 'Democratic Republic of the Congo', 'nativeName': {'fra': {'official': 'République démocratique du Congo', 'common': 'RD Congo'}, 'kon': {'official': 'Repubilika ya Kongo Demokratiki', 'common': 'Repubilika ya Kongo Demokratiki'}, 'lin': {'official': 'Republiki ya Kongó Demokratiki', 'common': 'Republiki ya Kongó Demokratiki'}, 'lua': {'official': 'Ditunga dia Kongu wa Mungalaata', 'common': 'Ditunga dia Kongu wa Mungalaata'}, 'swa': {'official': 'Jamhuri ya Kidemokrasia ya Kongo', 'common': 'Jamhuri ya Kidemokrasia ya Kongo'}}}",['Kinshasa'],Africa,108407721,1,5
"{'common': 'Ivory Coast', 'official': ""Republic of Côte d'Ivoire"", 'nativeName': {'fra': {'official': ""République de Côte d'Ivoire"", 'common': ""Côte d'Ivoire""}}}",['Yamoussoukro'],Africa,26378275,1,1
"{'common': 'Sudan', 'official': 'Republic of the Sudan', 'nativeName': {'ara': {'official': 'جمهورية السودان', 'common': 'السودان'}, 'eng': {'official': 'Republic of the Sudan', 'common': 'Sudan'}}}",['Khartoum'],Africa,43849269,1,2
"{'common': 'Timor-Leste', 'official': 'Democratic Republic of Timor-Leste', 'nativeName': {'por': {'official': 'República Democrática de Timor-Leste', 'common': 'Timor-Leste'}, 'tet': {'official': 'Repúblika Demokrátika Timór-Leste', 'common': 'Timór-Leste'}}}",['Dili'],Asia,1318442,1,2
"{'common': 'Luxembourg', 'official': 'Grand Duchy of Luxembourg', 'nativeName': {'deu': {'official': 'Großherzogtum Luxemburg', 'common': 'Luxemburg'}, 'fra': {'official': 'Grand-Duché de Luxembourg', 'common': 'Luxembourg'}, 'ltz': {'official': 'Groussherzogtum Lëtzebuerg', 'common': 'Lëtzebuerg'}}}",['Luxembourg'],Europe,632275,1,3
"{'common': 'Saudi Arabia', 'official': 'Kingdom of Saudi Arabia', 'nativeName': {'ara': {'official': 'المملكة العربية السعودية', 'common': 'العربية السعودية'}}}",['Riyadh'],Asia,34813867,1,1
"{'common': 'Cambodia', 'official': 'Kingdom of Cambodia', 'nativeName': {'khm': {'official': 'ព្រះរាជាណាចក្រកម្ពុជា', 'common': 'Kâmpŭchéa'}}}",['Phnom Penh'],Asia,16718971,2,1
"{'common': 'Nepal', 'official': 'Federal Democratic Republic of Nepal', 'nativeName': {'nep': {'official': 'नेपाल संघीय लोकतान्त्रिक गणतन्त्र', 'common': 'नेपाल'}}}",['Kathmandu'],Asia,29136808,1,1
"{'common': 'French Guiana', 'official': 'Guiana', 'nativeName': {'fra': {'official': 'Guyane', 'common': 'Guyane française'}}}",['Cayenne'],Americas,254541,1,1
"{'common': 'Malaysia', 'official': 'Malaysia', 'nativeName': {'eng': {'official': 'Malaysia', 'common': 'Malaysia'}, 'msa': {'official': 'مليسيا', 'common': 'مليسيا'}}}",['Kuala Lumpur'],Asia,32365998,1,2
"{'common': 'Rwanda', 'official': 'Republic of Rwanda', 'nativeName': {'eng': {'official': 'Republic of Rwanda', 'common': 'Rwanda'}, 'fra': {'official': 'République rwandaise', 'common': 'Rwanda'}, 'kin': {'official': ""Repubulika y'u Rwanda"", 'common': 'Rwanda'}}}",['Kigali'],Africa,12952209,1,3
"{'common': 'Thailand', 'official': 'Kingdom of Thailand', 'nativeName': {'tha': {'official': 'ราชอาณาจักรไทย', 'common': 'ประเทศไทย'}}}",['Bangkok'],Asia,69799978,1,1
"{'common': 'Antarctica', 'official': 'Antarctica'}",,Antarctic,1000,0,0
"{'common': 'Jordan', 'official': 'Hashemite Kingdom of Jordan', 'nativeName': {'ara': {'official': 'المملكة الأردنية الهاشمية', 'common': 'الأردن'}}}",['Amman'],Asia,10203140,1,1
"{'common': 'Switzerland', 'official': 'Swiss Confederation', 'nativeName': {'fra': {'official': 'Confédération suisse', 'common': 'Suisse'}, 'gsw': {'official': 'Schweizerische Eidgenossenschaft', 'common': 'Schweiz'}, 'ita': {'official': 'Confederazione Svizzera', 'common': 'Svizzera'}, 'roh': {'official': 'Confederaziun svizra', 'common': 'Svizra'}}}",['Bern'],Europe,8654622,1,4
"{'common': 'Comoros', 'official': 'Union of the Comoros', 'nativeName': {'ara': {'official': 'الاتحاد القمري', 'common': 'القمر\u200e'}, 'fra': {'official': 'Union des Comores', 'common': 'Comores'}, 'zdj': {'official': 'Udzima wa Komori', 'common': 'Komori'}}}",['Moroni'],Africa,869595,1,3
"{'common': 'Kosovo', 'official': 'Republic of Kosovo', 'nativeName': {'sqi': {'official': 'Republika e Kosovës', 'common': 'Kosova'}, 'srp': {'official': 'Република Косово', 'common': 'Косово'}}}",['Pristina'],Europe,1775378,1,2
"{'common': 'Isle of Man', 'official': 'Isle of Man', 'nativeName': {'eng': {'official': 'Isle of Man', 'common': 'Isle of Man'}, 'glv': {'official': 'Ellan Vannin or Mannin', 'common': 'Mannin'}}}",['Douglas'],Europe,85032,2,2
"{'common': 'Montenegro', 'official': 'Montenegro', 'nativeName': {'cnr': {'official': 'Црна Гора', 'common': 'Црна Гора'}}}",['Podgorica'],Europe,621718,1,1
"{'common': 'Hong Kong', 'official': ""Hong Kong Special Administrative Region of the People's Republic of China"", 'nativeName': {'eng': {'official': ""Hong Kong Special Administrative Region of the People's Republic of China"", 'common': 'Hong Kong'}, 'zho': {'official': '中华人民共和国香港特别行政区', 'common': '香港'}}}",['City of Victoria'],Asia,7500700,1,2
"{'common': 'Jersey', 'official': 'Bailiwick of Jersey', 'nativeName': {'eng': {'official': 'Bailiwick of Jersey', 'common': 'Jersey'}, 'fra': {'official': 'Bailliage de Jersey', 'common': 'Jersey'}, 'nrf': {'official': 'Bailliage dé Jèrri', 'common': 'Jèrri'}}}",['Saint Helier'],Europe,100800,2,3
"{'common': 'Tajikistan', 'official': 'Republic of Tajikistan', 'nativeName': {'rus': {'official': 'Республика Таджикистан', 'common': 'Таджикистан'}, 'tgk': {'official': 'Ҷумҳурии Тоҷикистон', 'common': 'Тоҷикистон'}}}",['Dushanbe'],Asia,9537642,1,2
"{'common': 'Bulgaria', 'official': 'Republic of Bulgaria', 'nativeName': {'bul': {'official': 'Република България', 'common': 'България'}}}",['Sofia'],Europe,6927288,1,1
"{'common': 'Egypt', 'official': 'Arab Republic of Egypt', 'nativeName': {'ara': {'official': 'جمهورية مصر العربية', 'common': 'مصر'}}}",['Cairo'],Africa,102334403,1,1
"{'common': 'Malawi', 'official': 'Republic of Malawi', 'nativeName': {'eng': {'official': 'Republic of Malawi', 'common': 'Malawi'}, 'nya': {'official': 'Chalo cha Malawi, Dziko la Malaŵi', 'common': 'Malaŵi'}}}",['Lilongwe'],Africa,19129955,1,2
"{'common': 'Cape Verde', 'official': 'Republic of Cabo Verde', 'nativeName': {'por': {'official': 'República de Cabo Verde', 'common': 'Cabo Verde'}}}",['Praia'],Africa,555988,1,1
"{'common': 'Benin', 'official': 'Republic of Benin', 'nativeName': {'fra': {'official': 'République du Bénin', 'common': 'Bénin'}}}",['Porto-Novo'],Africa,12123198,1,1
"{'common': 'Morocco', 'official': 'Kingdom of Morocco', 'nativeName': {'ara': {'official': 'المملكة المغربية', 'common': 'المغرب'}, 'ber': {'official': 'ⵜⴰⴳⵍⴷⵉⵜ ⵏ ⵍⵎⵖⵔⵉⴱ', 'common': 'ⵍⵎⴰⵖⵔⵉⴱ'}}}",['Rabat'],Africa,36910558,1,2
"{'common': 'Ireland', 'official': 'Republic of Ireland', 'nativeName': {'eng': {'official': 'Republic of Ireland', 'common': 'Ireland'}, 'gle': {'official': 'Poblacht na hÉireann', 'common': 'Éire'}}}",['Dublin'],Europe,4994724,1,2
"{'common': 'Moldova', 'official': 'Republic of Moldova', 'nativeName': {'ron': {'official': 'Republica Moldova', 'common': 'Moldova'}}}",['Chișinău'],Europe,2617820,1,1
"{'common': 'Denmark', 'official': 'Kingdom of Denmark', 'nativeName': {'dan': {'official': 'Kongeriget Danmark', 'common': 'Danmark'}}}",['Copenhagen'],Europe,5831404,1,1
"{'common': 'Turkmenistan', 'official': 'Turkmenistan', 'nativeName': {'rus': {'official': 'Туркменистан', 'common': 'Туркмения'}, 'tuk': {'official': 'Türkmenistan', 'common': 'Türkmenistan'}}}",['Ashgabat'],Asia,6031187,1,2
"{'common': 'Micronesia', 'official': 'Federated States of Micronesia', 'nativeName': {'eng': {'official': 'Federated States of Micronesia', 'common': 'Micronesia'}}}",['Palikir'],Oceania,115021,1,1
"{'common': 'Monaco', 'official': 'Principality of Monaco', 'nativeName': {'fra': {'official': 'Principauté de Monaco', 'common': 'Monaco'}}}",['Monaco'],Europe,39244,1,1
"{'common': 'Barbados', 'official': 'Barbados', 'nativeName': {'eng': {'official': 'Barbados', 'common': 'Barbados'}}}",['Bridgetown'],Americas,287371,1,1
"{'common': 'Algeria', 'official': ""People's Democratic Republic of Algeria"", 'nativeName': {'ara': {'official': 'الجمهورية الديمقراطية الشعبية الجزائرية', 'common': 'الجزائر'}}}",['Algiers'],Africa,44700000,1,1
"{'common': 'French Southern and Antarctic Lands', 'official': 'Territory of the French Southern and Antarctic Lands', 'nativeName': {'fra': {'official': 'Territoire des Terres australes et antarctiques françaises', 'common': 'Terres australes et antarctiques françaises'}}}",['Port-aux-Français'],Antarctic,400,1,1
"{'common': 'Eritrea', 'official': 'State of Eritrea', 'nativeName': {'ara': {'official': 'دولة إرتريا', 'common': 'إرتريا\u200e'}, 'eng': {'official': 'State of Eritrea', 'common': 'Eritrea'}, 'tir': {'official': 'ሃገረ ኤርትራ', 'common': 'ኤርትራ'}}}",['Asmara'],Africa,5352000,1,3
"{'common': 'Lesotho', 'official': 'Kingdom of Lesotho', 'nativeName': {'eng': {'official': 'Kingdom of Lesotho', 'common': 'Lesotho'}, 'sot': {'official': 'Kingdom of Lesotho', 'common': 'Lesotho'}}}",['Maseru'],Africa,2142252,2,2
"{'common': 'Tanzania', 'official': 'United Republic of Tanzania', 'nativeName': {'eng': {'official': 'United Republic of Tanzania', 'common': 'Tanzania'}, 'swa': {'official': 'Jamhuri ya Muungano wa Tanzania', 'common': 'Tanzania'}}}",['Dodoma'],Africa,59734213,1,2
"{'common': 'Mali', 'official': 'Republic of Mali', 'nativeName': {'fra': {'official': 'République du Mali', 'common': 'Mali'}}}",['Bamako'],Africa,20250834,1,1
"{'common': 'Niger', 'official': 'Republic of Niger', 'nativeName': {'fra': {'official': 'République du Niger', 'common': 'Niger'}}}",['Niamey'],Africa,24206636,1,1
"{'common': 'Andorra', 'official': 'Principality of Andorra', 'nativeName': {'cat': {'official': ""Principat d'Andorra"", 'common': 'Andorra'}}}",['Andorra la Vella'],Europe,77265,1,1
"{'common': 'United Kingdom', 'official': 'United Kingdom of Great Britain and Northern Ireland', 'nativeName': {'eng': {'official': 'United Kingdom of Great Britain and Northern Ireland', 'common': 'United Kingdom'}}}",['London'],Europe,67215293,1,1
"{'common': 'Germany', 'official': 'Federal Republic of Germany', 'nativeName': {'deu': {'official': 'Bundesrepublik Deutschland', 'common': 'Deutschland'}}}",['Berlin'],Europe,83240525,1,1
"{'common': 'United States Virgin Islands', 'official': 'Virgin Islands of the United States', 'nativeName': {'eng': {'official': 'Virgin Islands of the United States', 'common': 'United States Virgin Islands'}}}",['Charlotte Amalie'],Americas,106290,1,1
"{'common': 'Somalia', 'official': 'Federal Republic of Somalia', 'nativeName': {'ara': {'official': 'جمهورية الصومال\u200e\u200e', 'common': 'الصومال\u200e\u200e'}, 'som': {'official': 'Jamhuuriyadda Federaalka Soomaaliya', 'common': 'Soomaaliya'}}}",['Mogadishu'],Africa,15893219,1,2
"{'common': 'Sint Maarten', 'official': 'Sint Maarten', 'nativeName': {'eng': {'official': 'Sint Maarten', 'common': 'Sint Maarten'}, 'fra': {'official': 'Saint-Martin', 'common': 'Saint-Martin'}, 'nld': {'official': 'Sint Maarten', 'common': 'Sint Maarten'}}}",['Philipsburg'],Americas,40812,1,3
"{'common': 'Cameroon', 'official': 'Republic of Cameroon', 'nativeName': {'eng': {'official': 'Republic of Cameroon', 'common': 'Cameroon'}, 'fra': {'official': 'République du Cameroun', 'common': 'Cameroun'}}}",['Yaoundé'],Africa,26545864,1,2
"{'common': 'Dominican Republic', 'official': 'Dominican Republic', 'nativeName': {'spa': {'official': 'República Dominicana', 'common': 'República Dominicana'}}}",['Santo Domingo'],Americas,10847904,1,1
"{'common': 'Guinea', 'official': 'Republic of Guinea', 'nativeName': {'fra': {'official': 'République de Guinée', 'common': 'Guinée'}}}",['Conakry'],Africa,13132792,1,1
"{'common': 'Namibia', 'official': 'Republic of Namibia', 'nativeName': {'afr': {'official': 'Republiek van Namibië', 'common': 'Namibië'}, 'deu': {'official': 'Republik Namibia', 'common': 'Namibia'}, 'eng': {'official': 'Republic of Namibia', 'common': 'Namibia'}, 'her': {'official': 'Republic of Namibia', 'common': 'Namibia'}, 'hgm': {'official': 'Republic of Namibia', 'common': 'Namibia'}, 'kwn': {'official': 'Republic of Namibia', 'common': 'Namibia'}, 'loz': {'official': 'Republic of Namibia', 'common': 'Namibia'}, 'ndo': {'official': 'Republic of Namibia', 'common': 'Namibia'}, 'tsn': {'official': 'Lefatshe la Namibia', 'common': 'Namibia'}}}",['Windhoek'],Africa,2540916,2,9
"{'common': 'Montserrat', 'official': 'Montserrat', 'nativeName': {'eng': {'official': 'Montserrat', 'common': 'Montserrat'}}}",['Plymouth'],Americas,4922,1,1
"{'common': 'South Georgia', 'official': 'South Georgia and the South Sandwich Islands', 'nativeName': {'eng': {'official': 'South Georgia and the South Sandwich Islands', 'common': 'South Georgia'}}}",['King Edward Point'],Antarctic,30,1,1
"{'common': 'Senegal', 'official': 'Republic of Senegal', 'nativeName': {'fra': {'official': 'République du Sénégal', 'common': 'Sénégal'}}}",['Dakar'],Africa,16743930,1,1
"{'common': 'Bouvet Island', 'official': 'Bouvet Island', 'nativeName': {'nor': {'official': 'Bouvetøya', 'common': 'Bouvetøya'}}}",,Antarctic,0,0,1
"{'common': 'Solomon Islands', 'official': 'Solomon Islands', 'nativeName': {'eng': {'official': 'Solomon Islands', 'common': 'Solomon Islands'}}}",['Honiara'],Oceania,686878,1,1
"{'common': 'France', 'official': 'French Republic', 'nativeName': {'fra': {'official': 'République française', 'common': 'France'}}}",['Paris'],Europe,67391582,1,1
"{'common': 'Saint Helena, Ascension and Tristan da Cunha', 'official': 'Saint Helena, Ascension and Tristan da Cunha', 'nativeName': {'eng': {'official': 'Saint Helena, Ascension and Tristan da Cunha', 'common': 'Saint Helena, Ascension and Tristan da Cunha'}}}",['Jamestown'],Africa,53192,2,1
"{'common': 'Macau', 'official': ""Macao Special Administrative Region of the People's Republic of China"", 'nativeName': {'por': {'official': 'Região Administrativa Especial de Macau da República Popular da China', 'common': 'Macau'}, 'zho': {'official': '中华人民共和国澳门特别行政区', 'common': '澳门'}}}",,Asia,649342,1,2
"{'common': 'Argentina', 'official': 'Argentine Republic', 'nativeName': {'grn': {'official': 'Argentine Republic', 'common': 'Argentina'}, 'spa': {'official': 'República Argentina', 'common': 'Argentina'}}}",['Buenos Aires'],Americas,45376763,1,2
"{'common': 'Bosnia and Herzegovina', 'official': 'Bosnia and Herzegovina', 'nativeName': {'bos': {'official': 'Bosna i Hercegovina', 'common': 'Bosna i Hercegovina'}, 'hrv': {'official': 'Bosna i Hercegovina', 'common': 'Bosna i Hercegovina'}, 'srp': {'official': 'Босна и Херцеговина', 'common': 'Босна и Херцеговина'}}}",['Sarajevo'],Europe,3280815,1,3
"{'common': 'Anguilla', 'official': 'Anguilla', 'nativeName': {'eng': {'official': 'Anguilla', 'common': 'Anguilla'}}}",['The Valley'],Americas,13452,1,1
"{'common': 'Guernsey', 'official': 'Bailiwick of Guernsey', 'nativeName': {'eng': {'official': 'Bailiwick of Guernsey', 'common': 'Guernsey'}, 'fra': {'official': 'Bailliage de Guernesey', 'common': 'Guernesey'}, 'nfr': {'official': 'Dgèrnésiais', 'common': 'Dgèrnésiais'}}}",['St. Peter Port'],Europe,62999,2,3
"{'common': 'Djibouti', 'official': 'Republic of Djibouti', 'nativeName': {'ara': {'official': 'جمهورية جيبوتي', 'common': 'جيبوتي\u200e'}, 'fra': {'official': 'République de Djibouti', 'common': 'Djibouti'}}}",['Djibouti'],Africa,988002,1,2
"{'common': 'Saint Kitts and Nevis', 'official': 'Federation of Saint Christopher and Nevis', 'nativeName': {'eng': {'official': 'Federation of Saint Christopher and Nevis', 'common': 'Saint Kitts and Nevis'}}}",['Basseterre'],Americas,53192,1,1
"{'common': 'Syria', 'official': 'Syrian Arab Republic', 'nativeName': {'ara': {'official': 'الجمهورية العربية السورية', 'common': 'سوريا'}}}",['Damascus'],Asia,17500657,1,1
"{'common': 'Puerto Rico', 'official': 'Commonwealth of Puerto Rico', 'nativeName': {'eng': {'official': 'Commonwealth of Puerto Rico', 'common': 'Puerto Rico'}, 'spa': {'official': 'Estado Libre Asociado de Puerto Rico', 'common': 'Puerto Rico'}}}",['San Juan'],Americas,3194034,1,2
"{'common': 'Peru', 'official': 'Republic of Peru', 'nativeName': {'aym': {'official': 'Piruw Suyu', 'common': 'Piruw'}, 'que': {'official': 'Piruw Ripuwlika', 'common': 'Piruw'}, 'spa': {'official': 'República del Perú', 'common': 'Perú'}}}",['Lima'],Americas,32971846,1,3
"{'common': 'San Marino', 'official': 'Republic of San Marino', 'nativeName': {'ita': {'official': 'Repubblica di San Marino', 'common': 'San Marino'}}}",['City of San Marino'],Europe,33938,1,1
"{'common': 'Australia', 'official': 'Commonwealth of Australia', 'nativeName': {'eng': {'official': 'Commonwealth of Australia', 'common': 'Australia'}}}",['Canberra'],Oceania,25687041,1,1
"{'common': 'New Caledonia', 'official': 'New Caledonia', 'nativeName': {'fra': {'official': 'Nouvelle-Calédonie', 'common': 'Nouvelle-Calédonie'}}}",['Nouméa'],Oceania,271960,1,1
"{'common': 'Jamaica', 'official': 'Jamaica', 'nativeName': {'eng': {'official': 'Jamaica', 'common': 'Jamaica'}, 'jam': {'official': 'Jamaica', 'common': 'Jamaica'}}}",['Kingston'],Americas,2961161,1,2
"{'common': 'Kazakhstan', 'official': 'Republic of Kazakhstan', 'nativeName': {'kaz': {'official': 'Қазақстан Республикасы', 'common': 'Қазақстан'}, 'rus': {'official': 'Республика Казахстан', 'common': 'Казахстан'}}}",['Nur-Sultan'],Asia,18754440,1,2
"{'common': 'Sierra Leone', 'official': 'Republic of Sierra Leone', 'nativeName': {'eng': {'official': 'Republic of Sierra Leone', 'common': 'Sierra Leone'}}}",['Freetown'],Africa,7976985,1,1
"{'common': 'Palau', 'official': 'Republic of Palau', 'nativeName': {'eng': {'official': 'Republic of Palau', 'common': 'Palau'}, 'pau': {'official': 'Beluu er a Belau', 'common': 'Belau'}}}",['Ngerulmud'],Oceania,18092,1,2
"{'common': 'South Korea', 'official': 'Republic of Korea', 'nativeName': {'kor': {'official': '대한민국', 'common': '한국'}}}",['Seoul'],Asia,51780579,1,1
"{'common': 'Saint Pierre and Miquelon', 'official': 'Saint Pierre and Miquelon', 'nativeName': {'fra': {'official': 'Collectivité territoriale de Saint-Pierre-et-Miquelon', 'common': 'Saint-Pierre-et-Miquelon'}}}",['Saint-Pierre'],Americas,6069,1,1
"{'common': 'Belize', 'official': 'Belize', 'nativeName': {'bjz': {'official': 'Belize', 'common': 'Belize'}, 'eng': {'official': 'Belize', 'common': 'Belize'}, 'spa': {'official': 'Belice', 'common': 'Belice'}}}",['Belmopan'],Americas,397621,1,3
"{'common': 'Papua New Guinea', 'official': 'Independent State of Papua New Guinea', 'nativeName': {'eng': {'official': 'Independent State of Papua New Guinea', 'common': 'Papua New Guinea'}, 'hmo': {'official': 'Independen Stet bilong Papua Niugini', 'common': 'Papua Niu Gini'}, 'tpi': {'official': 'Independen Stet bilong Papua Niugini', 'common': 'Papua Niugini'}}}",['Port Moresby'],Oceania,8947027,1,3
"{'common': 'Iceland', 'official': 'Iceland', 'nativeName': {'isl': {'official': 'Ísland', 'common': 'Ísland'}}}",['Reykjavik'],Europe,366425,1,1
"{'common': 'American Samoa', 'official': 'American Samoa', 'nativeName': {'eng': {'official': 'American Samoa', 'common': 'American Samoa'}, 'smo': {'official': 'Sāmoa Amelika', 'common': 'Sāmoa Amelika'}}}",['Pago Pago'],Oceania,55197,1,2
"{'common': 'Burkina Faso', 'official': 'Burkina Faso', 'nativeName': {'fra': {'official': 'République du Burkina', 'common': 'Burkina Faso'}}}",['Ouagadougou'],Africa,20903278,1,1
"{'common': 'Portugal', 'official': 'Portuguese Republic', 'nativeName': {'por': {'official': 'República português', 'common': 'Portugal'}}}",['Lisbon'],Europe,10305564,1,1
"{'common': 'Taiwan', 'official': 'Republic of China (Taiwan)', 'nativeName': {'zho': {'official': '中華民國', 'common': '台灣'}}}",['Taipei'],Asia,23503349,1,1
"{'common': 'Japan', 'official': 'Japan', 'nativeName': {'jpn': {'official': '日本', 'common': '日本'}}}",['Tokyo'],Asia,125836021,1,1
"{'common': 'China', 'official': ""People's Republic of China"", 'nativeName': {'zho': {'official': '中华人民共和国', 'common': '中国'}}}",['Beijing'],Asia,1402112000,1,1
"{'common': 'Lebanon', 'official': 'Lebanese Republic', 'nativeName': {'ara': {'official': 'الجمهورية اللبنانية', 'common': 'لبنان'}, 'fra': {'official': 'République libanaise', 'common': 'Liban'}}}",['Beirut'],Asia,6825442,1,2
"{'common': 'Sri Lanka', 'official': 'Democratic Socialist Republic of Sri Lanka', 'nativeName': {'sin': {'official': 'ශ්\u200dරී ලංකා ප්\u200dරජාතාන්ත්\u200dරික සමාජවාදී ජනරජය', 'common': 'ශ්\u200dරී ලංකාව'}, 'tam': {'official': 'இலங்கை சனநாயக சோசலிசக் குடியரசு', 'common': 'இலங்கை'}}}",['Sri Jayawardenepura Kotte'],Asia,21919000,1,2
"{'common': 'Guatemala', 'official': 'Republic of Guatemala', 'nativeName': {'spa': {'official': 'República de Guatemala', 'common': 'Guatemala'}}}",['Guatemala City'],Americas,16858333,1,1
"{'common': 'Serbia', 'official': 'Republic of Serbia', 'nativeName': {'srp': {'official': 'Република Србија', 'common': 'Србија'}}}",['Belgrade'],Europe,6908224,1,1
"{'common': 'Madagascar', 'official': 'Republic of Madagascar', 'nativeName': {'fra': {'official': 'République de Madagascar', 'common': 'Madagascar'}, 'mlg': {'official': ""Repoblikan'i Madagasikara"", 'common': 'Madagasikara'}}}",['Antananarivo'],Africa,27691019,1,2
"{'common': 'Eswatini', 'official': 'Kingdom of Eswatini', 'nativeName': {'eng': {'official': 'Kingdom of Eswatini', 'common': 'Eswatini'}, 'ssw': {'official': 'Umbuso weSwatini', 'common': 'eSwatini'}}}",['Mbabane'],Africa,1160164,2,2
"{'common': 'Romania', 'official': 'Romania', 'nativeName': {'ron': {'official': 'România', 'common': 'România'}}}",['Bucharest'],Europe,19286123,1,1
"{'common': 'Antigua and Barbuda', 'official': 'Antigua and Barbuda', 'nativeName': {'eng': {'official': 'Antigua and Barbuda', 'common': 'Antigua and Barbuda'}}}","[""Saint John's""]",Americas,97928,1,1
"{'common': 'Curaçao', 'official': 'Country of Curaçao', 'nativeName': {'eng': {'official': 'Country of Curaçao', 'common': 'Curaçao'}, 'nld': {'official': 'Land Curaçao', 'common': 'Curaçao'}, 'pap': {'official': 'Pais Kòrsou', 'common': 'Pais Kòrsou'}}}",['Willemstad'],Americas,155014,1,3
"{'common': 'Zambia', 'official': 'Republic of Zambia', 'nativeName': {'eng': {'official': 'Republic of Zambia', 'common': 'Zambia'}}}",['Lusaka'],Africa,18383956,1,1
"{'common': 'Zimbabwe', 'official': 'Republic of Zimbabwe', 'nativeName': {'bwg': {'official': 'Republic of Zimbabwe', 'common': 'Zimbabwe'}, 'eng': {'official': 'Republic of Zimbabwe', 'common': 'Zimbabwe'}, 'kck': {'official': 'Republic of Zimbabwe', 'common': 'Zimbabwe'}, 'khi': {'official': 'Republic of Zimbabwe', 'common': 'Zimbabwe'}, 'ndc': {'official': 'Republic of Zimbabwe', 'common': 'Zimbabwe'}, 'nde': {'official': 'Republic of Zimbabwe', 'common': 'Zimbabwe'}, 'nya': {'official': 'Republic of Zimbabwe', 'common': 'Zimbabwe'}, 'sna': {'official': 'Republic of Zimbabwe', 'common': 'Zimbabwe'}, 'sot': {'official': 'Republic of Zimbabwe', 'common': 'Zimbabwe'}, 'toi': {'official': 'Republic of Zimbabwe', 'common': 'Zimbabwe'}, 'tsn': {'official': 'Republic of Zimbabwe', 'common': 'Zimbabwe'}, 'tso': {'official': 'Republic of Zimbabwe', 'common': 'Zimbabwe'}, 'ven': {'official': 'Republic of Zimbabwe', 'common': 'Zimbabwe'}, 'xho': {'official': 'Republic of Zimbabwe', 'common': 'Zimbabwe'}, 'zib': {'official': 'Republic of Zimbabwe', 'common': 'Zimbabwe'}}}",['Harare'],Africa,14862927,1,15
"{'common': 'Tunisia', 'official': 'Tunisian Republic', 'nativeName': {'ara': {'official': 'الجمهورية التونسية', 'common': 'تونس'}}}",['Tunis'],Africa,11818618,1,1
"{'common': 'United Arab Emirates', 'official': 'United Arab Emirates', 'nativeName': {'ara': {'official': 'الإمارات العربية المتحدة', 'common': 'دولة الإمارات العربية المتحدة'}}}",['Abu Dhabi'],Asia,9890400,1,1
"{'common': 'Mongolia', 'official': 'Mongolia', 'nativeName': {'mon': {'official': 'Монгол улс', 'common': 'Монгол улс'}}}",['Ulan Bator'],Asia,3278292,1,1
"{'common': 'Norway', 'official': 'Kingdom of Norway', 'nativeName': {'nno': {'official': 'Kongeriket Noreg', 'common': 'Noreg'}, 'nob': {'official': 'Kongeriket Norge', 'common': 'Norge'}, 'smi': {'official': 'Norgga gonagasriika', 'common': 'Norgga'}}}",['Oslo'],Europe,5379475,1,3
"{'common': 'Greenland', 'official': 'Greenland', 'nativeName': {'kal': {'official': 'Kalaallit Nunaat', 'common': 'Kalaallit Nunaat'}}}",['Nuuk'],Americas,56367,1,1
"{'common': 'Uruguay', 'official': 'Oriental Republic of Uruguay', 'nativeName': {'spa': {'official': 'República Oriental del Uruguay', 'common': 'Uruguay'}}}",['Montevideo'],Americas,3473727,1,1
"{'common': 'Bahamas', 'official': 'Commonwealth of the Bahamas', 'nativeName': {'eng': {'official': 'Commonwealth of the Bahamas', 'common': 'Bahamas'}}}",['Nassau'],Americas,393248,2,1
"{'common': 'Russia', 'official': 'Russian Federation', 'nativeName': {'rus': {'official': 'Российская Федерация', 'common': 'Россия'}}}",['Moscow'],Europe,144104080,1,1
"{'common': 'British Virgin Islands', 'official': 'Virgin Islands', 'nativeName': {'eng': {'official': 'Virgin Islands', 'common': 'British Virgin Islands'}}}",['Road Town'],Americas,30237,1,1
"{'common': 'Wallis and Futuna', 'official': 'Territory of the Wallis and Futuna Islands', 'nativeName': {'fra': {'official': 'Territoire des îles Wallis et Futuna', 'common': 'Wallis et Futuna'}}}",['Mata-Utu'],Oceania,11750,1,1
"{'common': 'Chad', 'official': 'Republic of Chad', 'nativeName': {'ara': {'official': 'جمهورية تشاد', 'common': 'تشاد\u200e'}, 'fra': {'official': 'République du Tchad', 'common': 'Tchad'}}}","[""N'Djamena""]",Africa,16425859,1,2
"{'common': 'Saint Lucia', 'official': 'Saint Lucia', 'nativeName': {'eng': {'official': 'Saint Lucia', 'common': 'Saint Lucia'}}}",['Castries'],Americas,183629,1,1
"{'common': 'Yemen', 'official': 'Republic of Yemen', 'nativeName': {'ara': {'official': 'الجمهورية اليمنية', 'common': 'اليَمَن'}}}","[""Sana'a""]",Asia,29825968,1,1
"{'common': 'United States Minor Outlying Islands', 'official': 'United States Minor Outlying Islands', 'nativeName': {'eng': {'official': 'United States Minor Outlying Islands', 'common': 'United States Minor Outlying Islands'}}}",['Washington DC'],Americas,300,1,1
"{'common': 'Sweden', 'official': 'Kingdom of Sweden', 'nativeName': {'swe': {'official': 'Konungariket Sverige', 'common': 'Sverige'}}}",['Stockholm'],Europe,10353442,1,1
"{'common': 'Svalbard and Jan Mayen', 'official': 'Svalbard og Jan Mayen', 'nativeName': {'nor': {'official': 'Svalbard og Jan Mayen', 'common': 'Svalbard og Jan Mayen'}}}",['Longyearbyen'],Europe,2562,1,1
"{'common': 'Laos', 'official': ""Lao People's Democratic Republic"", 'nativeName': {'lao': {'official': 'ສາທາລະນະ ຊາທິປະໄຕ ຄົນລາວ ຂອງ', 'common': 'ສປປລາວ'}}}",['Vientiane'],Asia,7275556,1,1
"{'common': 'Latvia', 'official': 'Republic of Latvia', 'nativeName': {'lav': {'official': 'Latvijas Republikas', 'common': 'Latvija'}}}",['Riga'],Europe,1901548,1,1
"{'common': 'Colombia', 'official': 'Republic of Colombia', 'nativeName': {'spa': {'official': 'República de Colombia', 'common': 'Colombia'}}}",['Bogotá'],Americas,50882884,1,1
"{'common': 'Grenada', 'official': 'Grenada', 'nativeName': {'eng': {'official': 'Grenada', 'common': 'Grenada'}}}","[""St. George's""]",Americas,112519,1,1
"{'common': 'Saint Barthélemy', 'official': 'Collectivity of Saint Barthélemy', 'nativeName': {'fra': {'official': 'Collectivité de Saint-Barthélemy', 'common': 'Saint-Barthélemy'}}}",['Gustavia'],Americas,4255,1,1
"{'common': 'Canada', 'official': 'Canada', 'nativeName': {'eng': {'official': 'Canada', 'common': 'Canada'}, 'fra': {'official': 'Canada', 'common': 'Canada'}}}",['Ottawa'],Americas,38005238,1,2
"{'common': 'Heard Island and McDonald Islands', 'official': 'Heard Island and McDonald Islands', 'nativeName': {'eng': {'official': 'Heard Island and McDonald Islands', 'common': 'Heard Island and McDonald Islands'}}}",,Antarctic,0,0,1
"{'common': 'India', 'official': 'Republic of India', 'nativeName': {'eng': {'official': 'Republic of India', 'common': 'India'}, 'hin': {'official': 'भारत गणराज्य', 'common': 'भारत'}, 'tam': {'official': 'இந்தியக் குடியரசு', 'common': 'இந்தியா'}}}",['New Delhi'],Asia,1380004385,1,3
"{'common': 'Guinea-Bissau', 'official': 'Republic of Guinea-Bissau', 'nativeName': {'por': {'official': 'República da Guiné-Bissau', 'common': 'Guiné-Bissau'}, 'pov': {'official': 'República da Guiné-Bissau', 'common': 'Guiné-Bissau'}}}",['Bissau'],Africa,1967998,1,2
"{'common': 'North Macedonia', 'official': 'Republic of North Macedonia', 'nativeName': {'mkd': {'official': 'Република Северна Македонија', 'common': 'Македонија'}}}",['Skopje'],Europe,2077132,1,1
"{'common': 'Paraguay', 'official': 'Republic of Paraguay', 'nativeName': {'grn': {'official': 'Tetã Paraguái', 'common': 'Paraguái'}, 'spa': {'official': 'República de Paraguay', 'common': 'Paraguay'}}}",['Asunción'],Americas,7132530,1,2
"{'common': 'Croatia', 'official': 'Republic of Croatia', 'nativeName': {'hrv': {'official': 'Republika Hrvatska', 'common': 'Hrvatska'}}}",['Zagreb'],Europe,4047200,1,1
"{'common': 'Costa Rica', 'official': 'Republic of Costa Rica', 'nativeName': {'spa': {'official': 'República de Costa Rica', 'common': 'Costa Rica'}}}",['San José'],Americas,5094114,1,1
"{'common': 'Uganda', 'official': 'Republic of Uganda', 'nativeName': {'eng': {'official': 'Republic of Uganda', 'common': 'Uganda'}, 'swa': {'official': 'Republic of Uganda', 'common': 'Uganda'}}}",['Kampala'],Africa,45741000,1,2
"{'common': 'Caribbean Netherlands', 'official': 'Bonaire, Sint Eustatius and Saba', 'nativeName': {'nld': {'official': 'Bonaire, Sint Eustatius en Saba', 'common': 'Caribisch Nederland'}, 'pap': {'official': 'Boneiru, Sint Eustatius y Saba', 'common': 'Boneiru, Sint Eustatius y Saba'}}}",['Kralendijk'],Americas,25987,1,3
"{'common': 'Bolivia', 'official': 'Plurinational State of Bolivia', 'nativeName': {'aym': {'official': 'Wuliwya Suyu', 'common': 'Wuliwya'}, 'grn': {'official': 'Tetã Volívia', 'common': 'Volívia'}, 'que': {'official': 'Buliwya Mamallaqta', 'common': 'Buliwya'}, 'spa': {'official': 'Estado Plurinacional de Bolivia', 'common': 'Bolivia'}}}",['Sucre'],Americas,11673029,1,4
"{'common': 'Togo', 'official': 'Togolese Republic', 'nativeName': {'fra': {'official': 'République togolaise', 'common': 'Togo'}}}",['Lomé'],Africa,8278737,1,1
"{'common': 'Mayotte', 'official': 'Department of Mayotte', 'nativeName': {'fra': {'official': 'Département de Mayotte', 'common': 'Mayotte'}}}",['Mamoudzou'],Africa,226915,1,1
"{'common': 'Marshall Islands', 'official': 'Republic of the Marshall Islands', 'nativeName': {'eng': {'official': 'Republic of the Marshall Islands', 'common': 'Marshall Islands'}, 'mah': {'official': 'Republic of the Marshall Islands', 'common': 'M̧ajeļ'}}}",['Majuro'],Oceania,59194,1,2
"{'common': 'North Korea', 'official': ""Democratic People's Republic of Korea"", 'nativeName': {'kor': {'official': '조선민주주의인민공화국', 'common': '조선'}}}",['Pyongyang'],Asia,25778815,1,1
"{'common': 'Netherlands', 'official': 'Kingdom of the Netherlands', 'nativeName': {'nld': {'official': 'Koninkrijk der Nederlanden', 'common': 'Nederland'}}}",['Amsterdam'],Europe,16655799,1,1
"{'common': 'British Indian Ocean Territory', 'official': 'British Indian Ocean Territory', 'nativeName': {'eng': {'official': 'British Indian Ocean Territory', 'common': 'British Indian Ocean Territory'}}}",['Diego Garcia'],Africa,3000,1,1
"{'common': 'Malta', 'official': 'Republic of Malta', 'nativeName': {'eng': {'official': 'Republic of Malta', 'common': 'Malta'}, 'mlt': {'official': ""Repubblika ta ' Malta"", 'common': 'Malta'}}}",['Valletta'],Europe,525285,1,2
"{'common': 'Mauritius', 'official': 'Republic of Mauritius', 'nativeName': {'eng': {'official': 'Republic of Mauritius', 'common': 'Mauritius'}, 'fra': {'official': 'République de Maurice', 'common': 'Maurice'}, 'mfe': {'official': 'Republik Moris', 'common': 'Moris'}}}",['Port Louis'],Africa,1265740,1,3
"{'common': 'Norfolk Island', 'official': 'Territory of Norfolk Island', 'nativeName': {'eng': {'official': 'Territory of Norfolk Island', 'common': 'Norfolk Island'}, 'pih': {'official': ""Teratri of Norf'k Ailen"", 'common': ""Norf'k Ailen""}}}",['Kingston'],Oceania,2302,1,2
"{'common': 'Honduras', 'official': 'Republic of Honduras', 'nativeName': {'spa': {'official': 'República de Honduras', 'common': 'Honduras'}}}",['Tegucigalpa'],Americas,9904608,1,1
"{'common': 'Spain', 'official': 'Kingdom of Spain', 'nativeName': {'spa': {'official': 'Reino de España', 'common': 'España'}}}",['Madrid'],Europe,47351567,1,1
"{'common': 'Estonia', 'official': 'Republic of Estonia', 'nativeName': {'est': {'official': 'Eesti Vabariik', 'common': 'Eesti'}}}",['Tallinn'],Europe,1331057,1,1
"{'common': 'Kyrgyzstan', 'official': 'Kyrgyz Republic', 'nativeName': {'kir': {'official': 'Кыргыз Республикасы', 'common': 'Кыргызстан'}, 'rus': {'official': 'Кыргызская Республика', 'common': 'Киргизия'}}}",['Bishkek'],Asia,6591600,1,2
"{'common': 'Chile', 'official': 'Republic of Chile', 'nativeName': {'spa': {'official': 'República de Chile', 'common': 'Chile'}}}",['Santiago'],Americas,19116209,1,1
"{'common': 'Bermuda', 'official': 'Bermuda', 'nativeName': {'eng': {'official': 'Bermuda', 'common': 'Bermuda'}}}",['Hamilton'],Americas,63903,1,1
"{'common': 'Equatorial Guinea', 'official': 'Republic of Equatorial Guinea', 'nativeName': {'fra': {'official': 'République de la Guinée Équatoriale', 'common': 'Guinée équatoriale'}, 'por': {'official': 'República da Guiné Equatorial', 'common': 'Guiné Equatorial'}, 'spa': {'official': 'República de Guinea Ecuatorial', 'common': 'Guinea Ecuatorial'}}}",['Malabo'],Africa,1402985,1,3
"{'common': 'Liberia', 'official': 'Republic of Liberia', 'nativeName': {'eng': {'official': 'Republic of Liberia', 'common': 'Liberia'}}}",['Monrovia'],Africa,5057677,1,1
"{'common': 'Pitcairn Islands', 'official': 'Pitcairn Group of Islands', 'nativeName': {'eng': {'official': 'Pitcairn Group of Islands', 'common': 'Pitcairn Islands'}}}",['Adamstown'],Oceania,56,1,1
"{'common': 'Libya', 'official': 'State of Libya', 'nativeName': {'ara': {'official': 'الدولة ليبيا', 'common': '\u200fليبيا'}}}",['Tripoli'],Africa,6871287,1,1
"{'common': 'Liechtenstein', 'official': 'Principality of Liechtenstein', 'nativeName': {'deu': {'official': 'Fürstentum Liechtenstein', 'common': 'Liechtenstein'}}}",['Vaduz'],Europe,38137,1,1
"{'common': 'Vatican City', 'official': 'Vatican City State', 'nativeName': {'ita': {'official': 'Stato della Città del Vaticano', 'common': 'Vaticano'}, 'lat': {'official': 'Status Civitatis Vaticanæ', 'common': 'Vaticanæ'}}}",['Vatican City'],Europe,451,1,2
"{'common': 'Christmas Island', 'official': 'Territory of Christmas Island', 'nativeName': {'eng': {'official': 'Territory of Christmas Island', 'common': 'Christmas Island'}}}",['Flying Fish Cove'],Oceania,2072,1,1
"{'common': 'Oman', 'official': 'Sultanate of Oman', 'nativeName': {'ara': {'official': 'سلطنة عمان', 'common': 'عمان'}}}",['Muscat'],Asia,5106622,1,1
"{'common': 'Philippines', 'official': 'Republic of the Philippines', 'nativeName': {'eng': {'official': 'Republic of the Philippines', 'common': 'Philippines'}, 'fil': {'official': 'Republic of the Philippines', 'common': 'Pilipinas'}}}",['Manila'],Asia,109581085,1,2
"{'common': 'Poland', 'official': 'Republic of Poland', 'nativeName': {'pol': {'official': 'Rzeczpospolita Polska', 'common': 'Polska'}}}",['Warsaw'],Europe,37950802,1,1
"{'common': 'Faroe Islands', 'official': 'Faroe Islands', 'nativeName': {'dan': {'official': 'Færøerne', 'common': 'Færøerne'}, 'fao': {'official': 'Føroyar', 'common': 'Føroyar'}}}",['Tórshavn'],Europe,48865,2,2
"{'common': 'Bahrain', 'official': 'Kingdom of Bahrain', 'nativeName': {'ara': {'official': 'مملكة البحرين', 'common': '\u200fالبحرين'}}}",['Manama'],Asia,1701583,1,1
"{'common': 'Belarus', 'official': 'Republic of Belarus', 'nativeName': {'bel': {'official': 'Рэспубліка Беларусь', 'common': 'Белару́сь'}, 'rus': {'official': 'Республика Беларусь', 'common': 'Беларусь'}}}",['Minsk'],Europe,9398861,1,2
"{'common': 'Slovenia', 'official': 'Republic of Slovenia', 'nativeName': {'slv': {'official': 'Republika Slovenija', 'common': 'Slovenija'}}}",['Ljubljana'],Europe,2100126,1,1
"{'common': 'Guadeloupe', 'official': 'Guadeloupe', 'nativeName': {'fra': {'official': 'Guadeloupe', 'common': 'Guadeloupe'}}}",['Basse-Terre'],Americas,400132,1,1
"{'common': 'Qatar', 'official': 'State of Qatar', 'nativeName': {'ara': {'official': 'دولة قطر', 'common': 'قطر'}}}",['Doha'],Asia,2881060,1,1
"{'common': 'Vietnam', 'official': 'Socialist Republic of Vietnam', 'nativeName': {'vie': {'official': 'Cộng hòa xã hội chủ nghĩa Việt Nam', 'common': 'Việt Nam'}}}",['Hanoi'],Asia,97338583,1,1
"{'common': 'Mauritania', 'official': 'Islamic Republic of Mauritania', 'nativeName': {'ara': {'official': 'الجمهورية الإسلامية الموريتانية', 'common': 'موريتانيا'}}}",['Nouakchott'],Africa,4649660,1,1
"{'common': 'Singapore', 'official': 'Republic of Singapore', 'nativeName': {'zho': {'official': '新加坡共和国', 'common': '新加坡'}, 'eng': {'official': 'Republic of Singapore', 'common': 'Singapore'}, 'msa': {'official': 'Republik Singapura', 'common': 'Singapura'}, 'tam': {'official': 'சிங்கப்பூர் குடியரசு', 'common': 'சிங்கப்பூர்'}}}",['Singapore'],Asia,5685807,1,4
"{'common': 'Georgia', 'official': 'Georgia', 'nativeName': {'kat': {'official': 'საქართველო', 'common': 'საქართველო'}}}",['Tbilisi'],Asia,3714000,1,1
"{'common': 'Burundi', 'official': 'Republic of Burundi', 'nativeName': {'fra': {'official': 'République du Burundi', 'common': 'Burundi'}, 'run': {'official': ""Republika y'Uburundi "", 'common': 'Uburundi'}}}",['Gitega'],Africa,11890781,1,2
"{'common': 'Nauru', 'official': 'Republic of Nauru', 'nativeName': {'eng': {'official': 'Republic of Nauru', 'common': 'Nauru'}, 'nau': {'official': 'Republic of Nauru', 'common': 'Nauru'}}}",['Yaren'],Oceania,10834,1,2
"{'common': 'South Sudan', 'official': 'Republic of South Sudan', 'nativeName': {'eng': {'official': 'Republic of South Sudan', 'common': 'South Sudan'}}}",['Juba'],Africa,11193729,1,1
"{'common': 'Samoa', 'official': 'Independent State of Samoa', 'nativeName': {'eng': {'official': 'Independent State of Samoa', 'common': 'Samoa'}, 'smo': {'official': 'Malo Saʻoloto Tutoʻatasi o Sāmoa', 'common': 'Sāmoa'}}}",['Apia'],Oceania,198410,1,2
"{'common': 'Cocos (Keeling) Islands', 'official': 'Territory of the Cocos (Keeling) Islands', 'nativeName': {'eng': {'official': 'Territory of the Cocos (Keeling) Islands', 'common': 'Cocos (Keeling) Islands'}}}",['West Island'],Oceania,544,1,1
"{'common': 'Republic of the Congo', 'official': 'Republic of the Congo', 'nativeName': {'fra': {'official': 'République du Congo', 'common': 'République du Congo'}, 'kon': {'official': 'Repubilika ya Kongo', 'common': 'Repubilika ya Kongo'}, 'lin': {'official': 'Republíki ya Kongó', 'common': 'Republíki ya Kongó'}}}",['Brazzaville'],Africa,5657000,1,3
"{'common': 'Cyprus', 'official': 'Republic of Cyprus', 'nativeName': {'ell': {'official': 'Δημοκρατία της Κύπρος', 'common': 'Κύπρος'}, 'tur': {'official': 'Kıbrıs Cumhuriyeti', 'common': 'Kıbrıs'}}}",['Nicosia'],Europe,1207361,1,2
"{'common': 'Kuwait', 'official': 'State of Kuwait', 'nativeName': {'ara': {'official': 'دولة الكويت', 'common': 'الكويت'}}}",['Kuwait City'],Asia,4270563,1,1
"{'common': 'Trinidad and Tobago', 'official': 'Republic of Trinidad and Tobago', 'nativeName': {'eng': {'official': 'Republic of Trinidad and Tobago', 'common': 'Trinidad and Tobago'}}}",['Port of Spain'],Americas,1399491,1,1
"{'common': 'Tuvalu', 'official': 'Tuvalu', 'nativeName': {'eng': {'official': 'Tuvalu', 'common': 'Tuvalu'}, 'tvl': {'official': 'Tuvalu', 'common': 'Tuvalu'}}}",['Funafuti'],Oceania,11792,2,2
"{'common': 'Angola', 'official': 'Republic of Angola', 'nativeName': {'por': {'official': 'República de Angola', 'common': 'Angola'}}}",['Luanda'],Africa,32866268,1,1
"{'common': 'Tonga', 'official': 'Kingdom of Tonga', 'nativeName': {'eng': {'official': 'Kingdom of Tonga', 'common': 'Tonga'}, 'ton': {'official': 'Kingdom of Tonga', 'common': 'Tonga'}}}","[""Nuku'alofa""]",Oceania,105697,1,2
"{'common': 'Greece', 'official': 'Hellenic Republic', 'nativeName': {'ell': {'official': 'Ελληνική Δημοκρατία', 'common': 'Ελλάδα'}}}",['Athens'],Europe,10715549,1,1
"{'common': 'Mozambique', 'official': 'Republic of Mozambique', 'nativeName': {'por': {'official': 'República de Moçambique', 'common': 'Moçambique'}}}",['Maputo'],Africa,31255435,1,1
"{'common': 'Myanmar', 'official': 'Republic of the Union of Myanmar', 'nativeName': {'mya': {'official': 'ပြည်ထောင်စု သမ္မတ မြန်မာနိုင်ငံတော်', 'common': 'မြန်မာ'}}}",['Naypyidaw'],Asia,54409794,1,1
"{'common': 'Austria', 'official': 'Republic of Austria', 'nativeName': {'bar': {'official': 'Republik Österreich', 'common': 'Österreich'}}}",['Vienna'],Europe,8917205,1,1
"{'common': 'Ethiopia', 'official': 'Federal Democratic Republic of Ethiopia', 'nativeName': {'amh': {'official': 'የኢትዮጵያ ፌዴራላዊ ዲሞክራሲያዊ ሪፐብሊክ', 'common': 'ኢትዮጵያ'}}}",['Addis Ababa'],Africa,114963583,1,1
"{'common': 'Martinique', 'official': 'Martinique', 'nativeName': {'fra': {'official': 'Martinique', 'common': 'Martinique'}}}",['Fort-de-France'],Americas,378243,1,1
"{'common': 'Azerbaijan', 'official': 'Republic of Azerbaijan', 'nativeName': {'aze': {'official': 'Azərbaycan Respublikası', 'common': 'Azərbaycan'}}}",['Baku'],Asia,10110116,1,1
"{'common': 'Uzbekistan', 'official': 'Republic of Uzbekistan', 'nativeName': {'rus': {'official': 'Республика Узбекистан', 'common': 'Узбекистан'}, 'uzb': {'official': ""O'zbekiston Respublikasi"", 'common': 'O‘zbekiston'}}}",['Tashkent'],Asia,34232050,1,2
"{'common': 'Bangladesh', 'official': ""People's Republic of Bangladesh"", 'nativeName': {'ben': {'official': 'বাংলাদেশ গণপ্রজাতন্ত্রী', 'common': 'বাংলাদেশ'}}}",['Dhaka'],Asia,164689383,1,1
"{'common': 'Armenia', 'official': 'Republic of Armenia', 'nativeName': {'hye': {'official': 'Հայաստանի Հանրապետություն', 'common': 'Հայաստան'}}}",['Yerevan'],Asia,2963234,1,1
"{'common': 'Nigeria', 'official': 'Federal Republic of Nigeria', 'nativeName': {'eng': {'official': 'Federal Republic of Nigeria', 'common': 'Nigeria'}}}",['Abuja'],Africa,206139587,1,1
"{'common': 'South Africa', 'official': 'Republic of South Africa', 'nativeName': {'afr': {'official': 'Republiek van Suid-Afrika', 'common': 'South Africa'}, 'eng': {'official': 'Republic of South Africa', 'common': 'South Africa'}, 'nbl': {'official': 'IRiphabliki yeSewula Afrika', 'common': 'Sewula Afrika'}, 'nso': {'official': 'Rephaboliki ya Afrika-Borwa ', 'common': 'Afrika-Borwa'}, 'sot': {'official': 'Rephaboliki ya Afrika Borwa', 'common': 'Afrika Borwa'}, 'ssw': {'official': 'IRiphabhulikhi yeNingizimu Afrika', 'common': 'Ningizimu Afrika'}, 'tsn': {'official': 'Rephaboliki ya Aforika Borwa', 'common': 'Aforika Borwa'}, 'tso': {'official': 'Riphabliki ra Afrika Dzonga', 'common': 'Afrika Dzonga'}, 'ven': {'official': 'Riphabuḽiki ya Afurika Tshipembe', 'common': 'Afurika Tshipembe'}, 'xho': {'official': 'IRiphabliki yaseMzantsi Afrika', 'common': 'Mzantsi Afrika'}, 'zul': {'official': 'IRiphabliki yaseNingizimu Afrika', 'common': 'Ningizimu Afrika'}}}","['Pretoria', 'Bloemfontein', 'Cape Town']",Africa,59308690,1,11
"{'common': 'Brunei', 'official': 'Nation of Brunei, Abode of Peace', 'nativeName': {'msa': {'official': 'Nation of Brunei, Abode Damai', 'common': 'Negara Brunei Darussalam'}}}",['Bandar Seri Begawan'],Asia,437483,2,1
"{'common': 'Italy', 'official': 'Italian Republic', 'nativeName': {'ita': {'official': 'Repubblica italiana', 'common': 'Italia'}}}",['Rome'],Europe,59554023,1,1
"{'common': 'Finland', 'official': 'Republic of Finland', 'nativeName': {'fin': {'official': 'Suomen tasavalta', 'common': 'Suomi'}, 'swe': {'official': 'Republiken Finland', 'common': 'Finland'}}}",['Helsinki'],Europe,5530719,1,2
"{'common': 'Israel', 'official': 'State of Israel', 'nativeName': {'ara': {'official': 'دولة إسرائيل', 'common': 'إسرائيل'}, 'heb': {'official': 'מדינת ישראל', 'common': 'ישראל'}}}",['Jerusalem'],Asia,9216900,1,2
"{'common': 'Aruba', 'official': 'Aruba', 'nativeName': {'nld': {'official': 'Aruba', 'common': 'Aruba'}, 'pap': {'official': 'Aruba', 'common': 'Aruba'}}}",['Oranjestad'],Americas,106766,1,2
"{'common': 'Nicaragua', 'official': 'Republic of Nicaragua', 'nativeName': {'spa': {'official': 'República de Nicaragua', 'common': 'Nicaragua'}}}",['Managua'],Americas,6624554,1,1
"{'common': 'Haiti', 'official': 'Republic of Haiti', 'nativeName': {'fra': {'official': ""République d'Haïti"", 'common': 'Haïti'}, 'hat': {'official': 'Repiblik Ayiti', 'common': 'Ayiti'}}}",['Port-au-Prince'],Americas,11402533,1,2
"{'common': 'Kiribati', 'official': 'Independent and Sovereign Republic of Kiribati', 'nativeName': {'eng': {'official': 'Independent and Sovereign Republic of Kiribati', 'common': 'Kiribati'}, 'gil': {'official': 'Ribaberiki Kiribati', 'common': 'Kiribati'}}}",['South Tarawa'],Oceania,119446,2,2
"{'common': 'Turks and Caicos Islands', 'official': 'Turks and Caicos Islands', 'nativeName': {'eng': {'official': 'Turks and Caicos Islands', 'common': 'Turks and Caicos Islands'}}}",['Cockburn Town'],Americas,38718,1,1
"{'common': 'Cayman Islands', 'official': 'Cayman Islands', 'nativeName': {'eng': {'official': 'Cayman Islands', 'common': 'Cayman Islands'}}}",['George Town'],Americas,65720,1,1
"{'common': 'Ukraine', 'official': 'Ukraine', 'nativeName': {'ukr': {'official': 'Україна', 'common': 'Україна'}}}",['Kyiv'],Europe,44134693,1,1
"{'common': 'Mexico', 'official': 'United Mexican States', 'nativeName': {'spa': {'official': 'Estados Unidos Mexicanos', 'common': 'México'}}}",['Mexico City'],Americas,128932753,1,1
"{'common': 'Palestine', 'official': 'State of Palestine', 'nativeName': {'ara': {'official': 'دولة فلسطين', 'common': 'فلسطين'}}}","['Ramallah', 'Jerusalem']",Asia,4803269,3,1
"{'common': 'Fiji', 'official': 'Republic of Fiji', 'nativeName': {'eng': {'official': 'Republic of Fiji', 'common': 'Fiji'}, 'fij': {'official': 'Matanitu Tugalala o Viti', 'common': 'Viti'}, 'hif': {'official': 'रिपब्लिक ऑफ फीजी', 'common': 'फिजी'}}}",['Suva'],Oceania,896444,1,3
"{'common': 'Slovakia', 'official': 'Slovak Republic', 'nativeName': {'slk': {'official': 'Slovenská republika', 'common': 'Slovensko'}}}",['Bratislava'],Europe,5458827,1,1
"{'common': 'Ghana', 'official': 'Republic of Ghana', 'nativeName': {'eng': {'official': 'Republic of Ghana', 'common': 'Ghana'}}}",['Accra'],Africa,31072945,1,1
"{'common': 'Suriname', 'official': 'Republic of Suriname', 'nativeName': {'nld': {'official': 'Republiek Suriname', 'common': 'Suriname'}}}",['Paramaribo'],Americas,586634,1,1
"{'common': 'Cuba', 'official': 'Republic of Cuba', 'nativeName': {'spa': {'official': 'República de Cuba', 'common': 'Cuba'}}}",['Havana'],Americas,11326616,2,1
"{'common': 'Bhutan', 'official': 'Kingdom of Bhutan', 'nativeName': {'dzo': {'official': 'འབྲུག་རྒྱལ་ཁབ་', 'common': 'འབྲུག་ཡུལ་'}}}",['Thimphu'],Asia,771612,2,1
"{'common': 'Hungary', 'official': 'Hungary', 'nativeName': {'hun': {'official': 'Magyarország', 'common': 'Magyarország'}}}",['Budapest'],Europe,9749763,1,1
"{'common': 'São Tomé and Príncipe', 'official': 'Democratic Republic of São Tomé and Príncipe', 'nativeName': {'por': {'official': 'República Democrática do São Tomé e Príncipe', 'common': 'São Tomé e Príncipe'}}}",['São Tomé'],Africa,219161,1,1
"{'common': 'Iraq', 'official': 'Republic of Iraq', 'nativeName': {'ara': {'official': 'جمهورية العراق', 'common': 'العراق'}, 'arc': {'official': 'ܩܘܼܛܢܵܐ ܐܝܼܪܲܩ', 'common': 'ܩܘܼܛܢܵܐ'}, 'ckb': {'official': 'کۆماری عێراق', 'common': 'کۆماری'}}}",['Baghdad'],Asia,40222503,1,3
"{'common': 'Czechia', 'official': 'Czech Republic', 'nativeName': {'ces': {'official': 'Česká republika', 'common': 'Česko'}, 'slk': {'official': 'Česká republika', 'common': 'Česko'}}}",['Prague'],Europe,10698896,1,2
"{'common': 'Lithuania', 'official': 'Republic of Lithuania', 'nativeName': {'lit': {'official': 'Lietuvos Respublikos', 'common': 'Lietuva'}}}",['Vilnius'],Europe,2794700,1,1
"{'common': 'Northern Mariana Islands', 'official': 'Commonwealth of the Northern Mariana Islands', 'nativeName': {'cal': {'official': 'Commonwealth of the Northern Mariana Islands', 'common': 'Northern Mariana Islands'}, 'cha': {'official': 'Sankattan Siha Na Islas Mariånas', 'common': 'Na Islas Mariånas'}, 'eng': {'official': 'Commonwealth of the Northern Mariana Islands', 'common': 'Northern Mariana Islands'}}}",['Saipan'],Oceania,57557,1,3
"{'common': 'Botswana', 'official': 'Republic of Botswana', 'nativeName': {'eng': {'official': 'Republic of Botswana', 'common': 'Botswana'}, 'tsn': {'official': 'Lefatshe la Botswana', 'common': 'Botswana'}}}",['Gaborone'],Africa,2351625,1,2
"{'common': 'Panama', 'official': 'Republic of Panama', 'nativeName': {'spa': {'official': 'República de Panamá', 'common': 'Panamá'}}}",['Panama City'],Americas,4314768,2,1
"{'common': 'Gabon', 'official': 'Gabonese Republic', 'nativeName': {'fra': {'official': 'République gabonaise', 'common': 'Gabon'}}}",['Libreville'],Africa,2225728,1,1
"{'common': 'Ecuador', 'official': 'Republic of Ecuador', 'nativeName': {'spa': {'official': 'República del Ecuador', 'common': 'Ecuador'}}}",['Quito'],Americas,17643060,1,1
